{"cameraMode":{"drawMode":0,"name":"Shaded","section":"Shading Mode"},"sceneLighting":true,"audioPlay":false,"sceneViewState":{"showFog":true,"showMaterialUpdate":false,"showSkybox":true,"showFlares":true,"showImageEffects":true,"showParticleSystems":true},"in2DMode":false,"pivot":{"x":49.86964797973633,"y":1396.0811767578125,"z":-136.021484375},"rotation":{"x":0.011101347394287587,"y":0.008092030882835389,"z":0.00008979778067441657,"w":-0.9999058842658997},"size":1156.7664794921875,"orthographic":false}