{"cameraMode":{"drawMode":0,"name":"Shaded","section":"Shading Mode"},"sceneLighting":false,"audioPlay":false,"sceneViewState":{"showFog":true,"showMaterialUpdate":false,"showSkybox":false,"showFlares":true,"showImageEffects":true,"showParticleSystems":true},"in2DMode":false,"pivot":{"x":1002.8927001953125,"y":157.47882080078126,"z":-226.77162170410157},"rotation":{"x":0.0023981279227882625,"y":0.012366593815386296,"z":-0.00009318350203102455,"w":0.9999528527259827},"size":34.64101791381836,"orthographic":true}