{"cameraMode":{"drawMode":0,"name":"Shaded","section":"Shading Mode"},"sceneLighting":false,"audioPlay":false,"sceneViewState":{"showFog":true,"showMaterialUpdate":false,"showSkybox":false,"showFlares":true,"showImageEffects":true,"showParticleSystems":true},"in2DMode":false,"pivot":{"x":0.763671875,"y":0.7584228515625,"z":-4.6287384033203129},"rotation":{"x":0.05737936869263649,"y":-0.7102087736129761,"z":0.05831243842840195,"w":0.6992411613464356},"size":2.712723731994629,"orthographic":true}