{"cameraMode":{"drawMode":0,"name":"Shaded","section":"Shading Mode"},"sceneLighting":false,"audioPlay":false,"sceneViewState":{"showFog":true,"showMaterialUpdate":false,"showSkybox":false,"showFlares":true,"showImageEffects":true,"showParticleSystems":true},"in2DMode":false,"pivot":{"x":880.1967163085938,"y":156.9224853515625,"z":104.40455627441406},"rotation":{"x":0.0023981279227882625,"y":0.012366593815386296,"z":-0.00009318350203102455,"w":0.9999528527259827},"size":30.310888290405275,"orthographic":true}