{"cameraMode":{"drawMode":0,"name":"Shaded","section":"Shading Mode"},"sceneLighting":false,"audioPlay":false,"sceneViewState":{"showFog":true,"showMaterialUpdate":false,"showSkybox":false,"showFlares":true,"showImageEffects":true,"showParticleSystems":true},"in2DMode":false,"pivot":{"x":3.2087173461914064,"y":1.5703125,"z":6.657958984375},"rotation":{"x":-0.6109911203384399,"y":-0.0007141721434891224,"z":0.0005513684009201825,"w":-0.7916412949562073},"size":21.617185592651368,"orthographic":true}