{"cameraMode":{"drawMode":0,"name":"Shaded","section":"Shading Mode"},"sceneLighting":false,"audioPlay":false,"sceneViewState":{"showFog":true,"showMaterialUpdate":false,"showSkybox":false,"showFlares":true,"showImageEffects":true,"showParticleSystems":true},"in2DMode":false,"pivot":{"x":-0.014796257019042969,"y":-0.022964954376220704,"z":-0.027415215969085695},"rotation":{"x":-0.17431369423866273,"y":-0.6120116710662842,"z":0.14065836369991303,"w":-0.7584931254386902},"size":0.8660253882408142,"orthographic":true}