{"cameraMode":{"drawMode":0,"name":"Shaded","section":"Shading Mode"},"sceneLighting":false,"audioPlay":false,"sceneViewState":{"showFog":true,"showMaterialUpdate":false,"showSkybox":false,"showFlares":true,"showImageEffects":true,"showParticleSystems":true},"in2DMode":false,"pivot":{"x":-8.724406242370606,"y":1.028076171875,"z":-1.30072021484375},"rotation":{"x":-0.6026445627212524,"y":0.006719332188367844,"z":-0.004870226606726646,"w":-0.7980155348777771},"size":1.5262550115585328,"orthographic":true}