{"cameraMode":{"drawMode":0,"name":"Shaded","section":"Shading Mode"},"sceneLighting":false,"audioPlay":false,"sceneViewState":{"showFog":true,"showMaterialUpdate":false,"showSkybox":false,"showFlares":true,"showImageEffects":true,"showParticleSystems":true},"in2DMode":false,"pivot":{"x":-6.737092971801758,"y":-2.498027801513672,"z":-2.33255934715271},"rotation":{"x":-0.6026445627212524,"y":0.006719332188367844,"z":-0.004870226606726646,"w":-0.7980155348777771},"size":1.2247450351715088,"orthographic":true}