{"cameraMode":{"drawMode":0,"name":"Shaded","section":"Shading Mode"},"sceneLighting":false,"audioPlay":false,"sceneViewState":{"showFog":true,"showMaterialUpdate":false,"showSkybox":false,"showFlares":true,"showImageEffects":true,"showParticleSystems":true},"in2DMode":false,"pivot":{"x":-5.420000076293945,"y":0.6778411865234375,"z":-0.027881011366844178},"rotation":{"x":0.73004549741745,"y":0.005320805124938488,"z":-0.0057531846687197689,"w":0.68338543176651},"size":1.6351795196533204,"orthographic":false}