{"cameraMode":{"drawMode":0,"name":"Shaded","section":"Shading Mode"},"sceneLighting":false,"audioPlay":false,"sceneViewState":{"showFog":true,"showMaterialUpdate":false,"showSkybox":false,"showFlares":true,"showImageEffects":true,"showParticleSystems":true},"in2DMode":false,"pivot":{"x":988.1011352539063,"y":158.31927490234376,"z":407.4258117675781},"rotation":{"x":0.0023981279227882625,"y":0.012366593815386296,"z":-0.00009318350203102455,"w":0.9999528527259827},"size":38.97114181518555,"orthographic":true}